Year,Quarter,Revenue_Billion_USD,Net_Income_Billion_USD,Gross_Profit_Billion_USD,Operating_Income_Billion_USD,EBITDA_Billion_USD,Expenses_Billion_USD,Total_Assets_Billion_USD,Total_Liabilities_Billion_USD,Equity_Billion_USD,Operating_Cash_Flow_Billion_USD,Investing_Cash_Flow_Billion_USD,Financing_Cash_Flow_Billion_USD
2023,Q1,58.41612647,10.91826025,37.1866902,26.39286776,23.84754216,21.22943626,313.9328451,135.1600862,178.7727589,12.71079757,-4.913002602,-3.664471389
2023,Q2,59.89864206,11.91640166,31.88434695,20.35392415,22.37900353,28.01429511,340.3435241,146.3461326,193.9973915,13.3994127,-5.06450125,-4.616840026
2023,Q3,67.96121649,17.57851607,44.30625102,27.95182235,28.34505435,23.65496547,395.7431889,204.878088,190.8651009,19.38365526,-5.543577825,-5.444372146
2023,Q4,64.53235425,17.09149216,43.74724495,32.05066058,33.05969991,20.7851093,347.7053779,204.8869296,142.8184483,21.66411025,-8.35855385,-3.779895749
2024,Q1,57.88562241,16.54379179,31.371369,20.29166718,22.18092372,26.51425342,446.3662988,263.9089527,182.4573462,21.28015364,-7.206686641,-4.216678622
2024,Q2,62.75790735,14.91542021,40.40282101,25.87654915,27.4425369,22.35508635,329.7020296,157.3986683,172.3033613,17.90968063,-5.333477537,-5.076376936
2024,Q3,60.24484756,12.02956581,30.39044042,20.04311747,18.8170717,29.85440714,412.8840811,210.8743574,202.0097237,14.14776445,-4.731795939,-4.052693481
2024,Q4,52.85779504,18.62242233,28.12003917,22.24542208,22.12800921,24.73775587,479.2939354,260.2692019,219.0247335,20.48856615,-8.4975562,-4.921769149
